N_splines,chart,size,pc2_var,pc3_var,convex_gap_median,convex_gap_p90,convex_gap_bad_frac,hull_area
12,0,219,0.63580759642847,0.784453773515143,0.8307877940537209,1.6599981108331086,0.0,0.5012374515829157
12,1,251,0.5396830670879402,0.7330838029966811,0.8921046755576438,1.9006819190467183,0.015,0.5314775196693996
12,2,232,0.6686163867013684,0.8272547824616836,0.8171938047877406,1.50621733338132,0.0033333333333333335,0.5100795690414162
12,3,279,0.618696223559162,0.7803225932177128,0.8303187958594573,1.50756015352488,0.0016666666666666668,0.5942040715698179
12,4,154,0.7543120210151548,0.8816600815379906,0.8339775422105126,1.877164149811641,0.013333333333333334,1.0892938031840387
12,5,174,0.5763968907987687,0.7966939081546678,0.8048796199945288,1.4983847242705766,0.0016666666666666668,0.5091450889386695
12,6,228,0.590250059170238,0.7861603203088887,0.8465549590190844,1.7131406720501576,0.0033333333333333335,0.6011991396663573
12,7,203,0.7491165101296978,0.8644383378628543,0.8290319767973489,1.5982146479826456,0.005,0.6039661889984507
12,8,202,0.5824986575020746,0.7697584066186218,0.8242614684160283,1.7207007316537895,0.0016666666666666668,0.6363381976555695
12,9,265,0.6275154169340434,0.7839231021510347,1.0709929140960615,2.14707797017471,0.02666666666666667,0.4797561179138919
12,10,200,0.6039290608594747,0.7828818273673293,0.8390436563247954,1.7401510283571104,0.005,0.44792286358965006
12,11,181,0.5587426484135212,0.7530530217450819,0.8045879229198791,1.5810751602493671,0.0016666666666666668,0.4421049144766149
16,0,140,0.7477611272503435,0.8735946108442136,0.9850686812277436,2.069661589315034,0.035,0.9925143641222218
16,1,177,0.5224038856421349,0.7143168527476236,0.8970810693888243,1.8044200048167058,0.0,0.2848049899901214
16,2,177,0.732818298751626,0.8624657625617067,0.9418101624086113,1.883825815024357,0.006666666666666667,0.464266526772817
16,3,119,0.6630589801013681,0.8042956087775848,0.9070846378984114,1.7308453896284683,0.0033333333333333335,0.4794756053921752
16,4,163,0.5610804761421602,0.7708202524656116,0.8865986162514332,1.6017192028339384,0.006666666666666667,0.47980816068576515
16,5,161,0.5704720815896305,0.7610237351016894,0.9069238225180504,1.831602037782005,0.0,0.38183817387190216
16,6,181,0.564699208939143,0.7462753902925285,0.9407884549016485,1.9180543931533525,0.008333333333333333,0.5148813142304465
16,7,118,0.5761069333251334,0.7930067743891157,0.9374654073853685,2.1098134477265367,0.016666666666666666,0.3084679795539696
16,8,176,0.5768710802718058,0.7755404208161047,0.8842642165321104,1.880451808624914,0.0033333333333333335,0.3698339541530866
16,9,185,0.5604266388295716,0.7277961448189595,0.7950460488458012,1.5780939558307787,0.013333333333333334,0.385994035849931
16,10,180,0.584019705951714,0.7769763444835548,0.9426839749802196,1.9894406596779945,0.011666666666666667,0.36481654134814606
16,11,198,0.6255257520640073,0.8134996439693418,0.8485937795395768,1.5672688115550595,0.0,0.36587568166687257
16,12,121,0.5657967819667596,0.7746084762360413,0.8346011098731033,1.6116634948113238,0.0033333333333333335,0.41706414680204584
16,13,168,0.6158937862867584,0.7949376981590497,0.7484792112358563,1.5370709335893185,0.0,0.4441655648027872
16,14,177,0.5799977664572574,0.7653477914314294,0.9605953474978663,1.8886583525043215,0.01,0.4127213472192124
16,15,147,0.5948025521780749,0.7579769413726984,0.7858372737909978,1.4045795055476205,0.0,0.34490455503585266
24,0,96,0.639520435936952,0.8166811354975183,0.7589389727598286,1.623135996607697,0.0033333333333333335,0.19942312354680922
24,1,137,0.5559892205020021,0.7569538077744093,0.8124389344738283,1.5536992211663874,0.0016666666666666668,0.28691508236617913
24,2,113,0.5970875911909769,0.7732652458255658,0.8255537219040949,1.8882199264322266,0.006666666666666667,0.2784321533102559
24,3,141,0.5343455618904313,0.7483948719714884,0.9598218213688238,2.380541172854637,0.03833333333333333,0.3606311917740645
24,4,97,0.5698411440794342,0.7612938358917308,0.825202400355503,1.487384681403953,0.0033333333333333335,0.35287757277400306
24,5,143,0.5393646412645117,0.7458260054365137,0.7676485680382028,1.646936787906199,0.0016666666666666668,0.3116458539114323
24,6,112,0.6462789065251234,0.8240799284319573,0.873003133440899,1.534942713160738,0.0016666666666666668,0.2592893747418083
24,7,114,0.5684406565520048,0.777553459805755,0.8492262968176658,1.5320814796875486,0.0033333333333333335,0.39054810540032675
24,8,80,0.6050983870249376,0.7999271486424031,0.8280310993779356,1.613589369449338,0.0016666666666666668,0.28239978916856223
24,9,106,0.5957234022126084,0.7909032643357212,0.766290615229757,1.438846298304335,0.0,0.44509984941810815
24,10,126,0.5751193472066083,0.7672677512019197,1.0725034639555542,3.5227875587881274,0.15666666666666668,0.24015096892218132
24,11,92,0.5688272840418601,0.7675203780203069,0.6674957035085857,1.6457970338310768,0.006666666666666667,0.31882734842919724
24,12,89,0.6610344052177884,0.8283682496572787,0.9782058441487566,1.863379577385409,0.008333333333333333,0.3127428920640174
24,13,119,0.5281036009344221,0.7284904665391265,0.8202507235906861,1.791321753882105,0.01,0.23221420254794878
24,14,98,0.5777934835571097,0.7833179669482904,0.9257681268433268,1.6045964745791506,0.0016666666666666668,0.38954932193161046
24,15,106,0.7307392564445547,0.8583212578093773,0.9837961509831936,2.1074597210432393,0.02,0.3193236515779778
24,16,140,0.5635397075921753,0.7569144696219398,0.7030616719313991,1.4090189896235552,0.0033333333333333335,0.39819062744496936
24,17,130,0.6007050140195729,0.7639306002048132,0.8646252844294887,1.6935865535754127,0.0033333333333333335,0.30787914191840693
24,18,110,0.6049009580380873,0.7914340702345528,1.1313275177152147,2.078897731723304,0.025,0.33091100862577844
24,19,111,0.6089126819696737,0.7873244949495409,0.9148086459580282,1.8322566762971044,0.021666666666666667,0.4479898092978584
24,20,101,0.5768228414001885,0.8058117472239257,0.8683835562330285,2.085452287754311,0.02666666666666667,0.2644491570849692
24,21,100,0.6185681589272071,0.8515478023214151,0.9723967693612824,1.8946733072139077,0.013333333333333334,0.22190642512850958
24,22,23,0.7871344858059687,0.9142042979355152,1.0422611527537486,1.9642740428701115,0.02,0.4556015327239919
24,23,104,0.556014606283383,0.7613921504549082,0.9517554868805076,1.8467441205010946,0.01,0.32756103194547787
32,0,79,0.5354529850824296,0.7272519845503882,0.969825138167528,1.8538003817248747,0.0033333333333333335,0.24736885419798715
32,1,124,0.5868121750337492,0.7875831634863859,1.0913140356740922,2.1365434606190106,0.006666666666666667,0.24665022252814342
32,2,68,0.7088555617416499,0.8500199660053318,0.7132466974492634,1.2797554947757726,0.0,0.26773214614087076
32,3,104,0.5552718263169868,0.7390401223385759,0.6907543225481491,1.2988778349988725,0.008333333333333333,0.2863701779021935
32,4,116,0.5963945832862227,0.7812588336663929,1.121018651406019,3.0180900352964586,0.10166666666666667,0.24874870754591114
32,5,27,0.7797518681688449,0.89652701658731,0.9501407519450906,1.8814371439381006,0.03,0.4870904368131663
32,6,102,0.6485078702903604,0.7831381988271668,2.208645692897056,6.254400555455583,0.4116666666666667,0.20458101665895667
32,7,96,0.6036458118636312,0.787031267506792,0.9300090325763841,2.0392778849529263,0.006666666666666667,0.2620916496848809
32,8,49,0.6357217840170409,0.7931892024189644,0.8313636442732617,1.6601167937120682,0.0,0.33527907329340056
32,9,73,0.6167822763265038,0.7752864261262337,0.9121739833583338,1.6504819603688377,0.0016666666666666668,0.2710392580681433
32,10,57,0.6190310177040284,0.7620150859773231,0.7535943468184947,1.7836943317420977,0.0016666666666666668,0.17251425759509176
32,11,88,0.6969442120991641,0.8927290222535524,0.766875093547123,1.3778084904877799,0.0,0.25253168493137323
32,12,70,0.5698160840663098,0.7721654427585515,0.8451630710925038,1.8301524834226335,0.0,0.19142646093647775
32,13,104,0.5490151738964401,0.7559722517420827,0.6761970855070966,1.5271904095799629,0.005,0.30145603613816674
32,14,107,0.6224595964673708,0.7942364934518038,1.1536779156841614,2.575522619824994,0.04666666666666667,0.26199398366288623
32,15,77,0.5975826965445534,0.7863633414115682,0.9820820718124808,2.016598097262475,0.021666666666666667,0.24759512578642243
32,16,71,0.6575933178257543,0.8300321543941587,0.8559004886459538,1.7631662305310276,0.0,0.316621971707424
32,17,70,0.5946775957451227,0.7811064285627418,0.9402437313799953,1.8699019502205727,0.0016666666666666668,0.27945237446307153
32,18,72,0.5624070097830882,0.7328940832841573,0.8659896639913307,1.796114225211692,0.0033333333333333335,0.27610373684296796
32,19,69,0.7179691029149919,0.8960930605548905,0.9218918347535716,1.9024552141774247,0.0016666666666666668,0.25185366133799014
32,20,95,0.6154404829704492,0.7925381085411198,1.0039758303251491,2.3175571237664343,0.02666666666666667,0.24472807544847358
32,21,98,0.6142096455759746,0.8085249111871171,0.7928989663860743,1.62958757802354,0.0016666666666666668,0.22414617451693483
32,22,71,0.5716384178705655,0.7602234976796521,0.7672503689499326,1.5093854298396312,0.0016666666666666668,0.3096988938419003
32,23,77,0.5747728394204557,0.7607450297440495,0.6222038516712324,1.269987645580673,0.0,0.3498750684514377
32,24,70,0.6335422691219899,0.820698873651245,0.92799872895708,1.6399960334070292,0.0,0.20883858410786543
32,25,84,0.5696044799300508,0.7833616121409976,0.807627330050285,1.970910738714243,0.041666666666666664,0.19762146301870087
32,26,57,0.6409530190858506,0.7953715753447618,0.7023504794495118,1.4383452166841662,0.0,0.2703353814186545
32,27,87,0.565044772807079,0.7466082776488959,0.9136505254076381,1.6752046552105075,0.0,0.23351806407312847
32,28,66,0.506786795461265,0.7228353776486196,0.9004287489531615,1.8740512758641117,0.013333333333333334,0.29144918935571085
32,29,100,0.5560115004322559,0.7530076300402062,0.7650271955310757,1.4463918141420444,0.0033333333333333335,0.302497216489862
32,30,53,0.6880802405360237,0.8670022884490949,1.040343203465157,2.108853087647605,0.016666666666666666,0.21285288183437884
32,31,107,0.5800313766026386,0.7646370067932918,1.801955685995094,5.542784129776387,0.35833333333333334,0.19511130406951524
48,0,55,0.6309596204604587,0.7848568798012752,0.9217560725749148,1.7834128812591552,0.011666666666666667,0.1825130433322206
48,1,60,0.6256078048292053,0.8507214395173797,1.8276847678491537,4.890345008099286,0.31666666666666665,0.15842069226105787
48,2,54,0.644387150233471,0.8141125481461822,1.2572304074447769,3.009808665720499,0.10166666666666667,0.15114381063919408
48,3,26,0.6845700878091191,0.7884497537611083,0.6920251128464723,1.3306141047946103,0.0,0.19512396699018922
48,4,41,0.5736051487238946,0.7768732906129563,0.6877839934085883,1.2637179827838143,0.0,0.13631889976783473
48,5,45,0.6835309733007666,0.8647605422457292,1.020822664560955,2.2591493080292016,0.006666666666666667,0.19050889262285997
48,6,43,0.5865410514208991,0.7658629236377039,0.9550743148661374,2.6544765288559016,0.056666666666666664,0.17191673265377475
48,7,69,0.6763286542651957,0.8362379189044814,1.1289664224543676,3.2165270892728097,0.11833333333333333,0.18030360384794697
48,8,80,0.6533316428409282,0.8410806109387183,0.8782934294212656,1.581690649300916,0.005,0.18659964805793752
48,9,61,0.6078010394392355,0.7756699965110244,1.3768190393318194,4.675655806953264,0.28833333333333333,0.17954442556975123
48,10,77,0.5964833026217018,0.7667788146646303,0.9187898075587596,1.7470788279331042,0.0033333333333333335,0.2772922780288479
48,11,82,0.6355915452329104,0.8055143334709169,1.0235058169904305,2.818277283579315,0.085,0.2546046528490404
48,12,82,0.544175382978308,0.7448621581997097,1.305894567907096,3.431020422318379,0.12333333333333334,0.21144912361553697
48,13,45,0.6092035855453878,0.7844251776377276,0.7345876200307347,1.4089517610579287,0.0,0.15421185763655687
48,14,46,0.6919007529070706,0.8694460590410843,0.9332373865028009,2.350521295013624,0.0033333333333333335,0.14648189634215664
48,15,39,0.7522695951321602,0.8696477517423966,1.6766264528201087,3.597598399148327,0.16666666666666666,0.1897765430168657
48,16,45,0.5267624739812515,0.7509676165177428,0.766481923079106,1.5561093064024287,0.0033333333333333335,0.18679167138734662
48,17,63,0.6486598304360416,0.8320871424331973,0.9525945722974367,1.9603364979515778,0.0,0.18533766911138153
48,18,82,0.5979672179532192,0.7707013631498585,0.9121464725119655,3.253738169490071,0.11666666666666667,0.15046564948433797
48,19,45,0.6334341591308135,0.8079323223517152,0.7381532370680856,1.263384703169341,0.0,0.19329741007000184
48,20,57,0.705121641750043,0.8558111221986591,0.8373186696713442,1.7243723829684667,0.0033333333333333335,0.21099954611751753
48,21,59,0.6262926880168164,0.8555613680947732,0.7064651119162864,1.32817465949224,0.0016666666666666668,0.198163526018969
48,22,55,0.6298497404390351,0.8196160561000378,0.8787672689843187,1.8062175166725445,0.0016666666666666668,0.21725752505899354
48,23,37,0.7340127694725473,0.862659932739567,0.9122983101546048,1.900614598363142,0.0,0.14114291843293986
48,24,62,0.6198191414710741,0.7664089728215703,0.918385439014975,1.6569986550604696,0.0,0.18386920234084464
48,25,75,0.6176040388576118,0.7964346976275117,0.99002866348471,2.1298819998917664,0.016666666666666666,0.16588125535622233
48,26,76,0.6027430231803393,0.7802078029900694,0.9146099508592661,1.8413438101598145,0.011666666666666667,0.1677789347264206
48,27,49,0.7119525685202632,0.9025558348284622,0.8006783999614704,2.1829693666452674,0.018333333333333333,0.21746609473184353
48,28,22,0.7958251412400814,0.9203517005609463,0.9536301060615222,1.9988025710117754,0.015,0.44054518490790257
48,29,53,0.5774298648469738,0.7952760264008798,0.8091009949685138,1.5056135146909153,0.0,0.18609632423441144
48,30,16,0.593997965104692,0.7773407134315948,0.5474647197430645,0.9099637563699763,0.0,0.21368983578797357
48,31,42,0.7054006397836312,0.8287437266494205,0.6517731968345324,1.1571849133219791,0.0,0.1778907181742136
48,32,40,0.6554091439552325,0.7971278445780129,1.2993062349142792,2.3473107046544417,0.01,0.13660180974193267
48,33,50,0.5638179315581818,0.7340606393191839,0.7104494728093468,1.330934200259115,0.0,0.13250596686898808
48,34,65,0.6976652691602434,0.8633451738914952,1.196684878604154,2.4549056241345033,0.03666666666666667,0.18028571935895893
48,35,55,0.6496103218314875,0.8052714574348069,0.7597367445870402,1.402470302600643,0.0,0.1994749606057137
48,36,48,0.6855627194390491,0.8223190414114457,0.8362681397803018,1.642491079592177,0.0,0.2234721834345073
48,37,38,0.6005272680812446,0.8000136518983675,1.038411772395667,2.408192700636419,0.023333333333333334,0.12045943281215031
48,38,43,0.7261493878897314,0.8684863528483924,0.8384875286375795,1.8048794771962466,0.0033333333333333335,0.18401901696049752
48,39,55,0.6165815604709572,0.7844528053977964,1.3235504726882983,4.0516302770779005,0.22333333333333333,0.13079155276791554
48,40,56,0.6536096276135825,0.8378116227554316,0.7746712167475512,1.473944064544753,0.0,0.2511331220772011
48,41,67,0.6644309736329973,0.896293200275105,0.8588073704431815,1.5893591719181837,0.0,0.1989812834509887
48,42,45,0.6225653322042484,0.7852396435980777,0.907883956445736,2.1536919623393294,0.018333333333333333,0.191851043260321
48,43,47,0.5957761812194985,0.770613291870067,0.8172008174850318,1.6455277208420176,0.0,0.1982211795665759
48,44,56,0.6119207632635579,0.7912769216298239,0.8573284427159649,1.7662980937628585,0.018333333333333333,0.25539737306022275
48,45,64,0.6669084347503755,0.8326895839222658,0.6177616265665373,1.1295855806087933,0.0,0.19381696645667312
48,46,56,0.6391156047116806,0.7900305907903908,0.7405391625474104,1.3626526799712797,0.0033333333333333335,0.28976932846701475
48,47,60,0.5962960817261655,0.7333690733269431,0.8308315802601514,1.8820072344816081,0.005,0.20809626524564168
64,0,36,0.7834209895609119,0.9053450300719851,0.9312217749113543,1.8583635306030988,0.008333333333333333,0.15210967331190667
64,1,24,0.616053724858692,0.7919914043142049,0.6256929538489322,1.0743629677286908,0.0,0.13506175834153597
64,2,46,0.6912120771582841,0.8012162850953801,0.9189999317959875,1.8174277728507433,0.0016666666666666668,0.15845810001356672
64,3,59,0.6086302637547174,0.8029547839870239,0.7745759705534789,1.483222483357238,0.0,0.11255225212147132
64,4,47,0.6621937882925513,0.8913181224547219,0.7601301347205536,1.3867206514156023,0.0,0.19292826350353476
64,5,35,0.626351536681691,0.7921136440209348,1.065553680413118,3.1774350827343456,0.135,0.12480496688083913
64,6,44,0.650767618187594,0.833964824173596,1.2345938670436465,3.5063212976093876,0.17833333333333334,0.1278969112431989
64,7,44,0.595670813864813,0.7770331842710703,1.3227335854610272,3.55847799886992,0.18333333333333332,0.16525615776237493
64,8,38,0.6744521245035799,0.841110856573079,0.6583047735887915,1.1960788210313318,0.0,0.16059437491690734
64,9,40,0.7432477963005765,0.9220140226727833,0.7967832734497722,1.5062424781817765,0.0,0.11790438441753569
64,10,49,0.6163208051330971,0.7655973286801225,0.6971342441186816,1.3173818504049362,0.0,0.20271340947081243
64,11,58,0.7155685073746998,0.8621943297420303,0.9301402994122905,1.6395011476473262,0.0,0.13815561601463203
64,12,27,0.709620654965072,0.8482687417742011,0.8591239713336136,1.4971693093179943,0.0,0.10984063623078982
64,13,27,0.5949683259545215,0.8086763369598049,0.7249487682367974,1.3924686104120632,0.0,0.16151249544913293
64,14,53,0.5817341101095624,0.7403371273633501,0.8666486275044398,1.5644574846337955,0.0016666666666666668,0.15220110041082888
64,15,45,0.7010117754124205,0.8944906846336608,1.0241945889167514,1.8751373713841126,0.005,0.14596704399388427
64,16,51,0.6155903745792988,0.8055684173630012,0.8760368512635544,1.581974429031264,0.0016666666666666668,0.13617478326399501
64,17,37,0.7982216186564849,0.9268348024315818,0.8447283133697794,1.5786282534183553,0.0,0.15861675228652902
64,18,52,0.5905437568270733,0.7811205161722268,1.1345046340828797,2.9739201195105864,0.09333333333333334,0.1451499553906135
64,19,34,0.7238492540260865,0.8756195133123555,0.6236857805457445,1.2173426729263168,0.0,0.21805462690100533
64,20,45,0.6849051044457484,0.8256203861621263,1.1602111014223673,1.907412466755951,0.011666666666666667,0.16331363282273142
64,21,40,0.5513760761069539,0.7569475754301347,0.9255444176562747,1.706449152670018,0.008333333333333333,0.1482080823318521
64,22,45,0.6837900640503778,0.8751904115638187,0.7474663744828784,1.2966561656957258,0.0,0.1837672726935613
64,23,49,0.6658143481644269,0.842992677182061,0.7804052353324571,1.3499930758203353,0.0,0.25459990338049643
64,24,36,0.7316053562193731,0.8693295110960697,0.6736792885131389,1.2241919427204095,0.0,0.13659444040463406
64,25,41,0.8262333580293681,0.8976981459516039,0.9109480447530969,1.9126970679679622,0.011666666666666667,0.2156495456783185
64,26,43,0.5678495832624783,0.7253862210117578,1.2359563372302311,2.9095387774942414,0.09166666666666666,0.12530746270848903
64,27,42,0.5474240477832977,0.733316456509916,0.6203511004608725,1.2417245744533376,0.0033333333333333335,0.207281108532312
64,28,32,0.7518355473608433,0.8913461115207056,0.6619890285267775,1.287626957183852,0.0,0.13409881409948488
64,29,44,0.5380651903655138,0.7176338746841221,0.9480394251884009,3.285098662385444,0.13333333333333333,0.10132464146512302
64,30,24,0.773269194322037,0.8944426243481428,1.0022907384358632,2.1251876732399255,0.013333333333333334,0.14128652751593188
64,31,45,0.6273259503511202,0.7902463155045332,0.8887791996702317,1.5493200209671754,0.005,0.17447774801528762
64,32,59,0.8030731241732556,0.9003797838018291,0.91066315305745,1.719626110081157,0.0,0.11981878789360828
64,33,41,0.5975778942359355,0.7725329519648123,0.9709451810843575,2.1250206786522265,0.01,0.1823179169105466
64,34,46,0.6517853742211281,0.813815440236128,0.7638355879823494,1.2796388617069168,0.0,0.17751179416816998
64,35,56,0.5523355557939231,0.7527534218640559,0.9395674493814656,1.7547862767394506,0.0,0.14077014051776726
64,36,39,0.6371289776371152,0.818037312043394,0.6146854183980273,1.3858655096567318,0.0,0.24645316572874829
64,37,44,0.6374882970725435,0.7956248652114846,0.572408131067156,1.1943025417158044,0.0,0.16315650143613503
64,38,53,0.5829670722921763,0.7362837217897106,0.8951153008891756,2.623534898571283,0.04666666666666667,0.11425473435059866
64,39,49,0.6093257928750209,0.816156177446985,0.9324943286716659,1.5989491074139992,0.005,0.21113451005049902
64,40,14,0.8200300266327051,0.9382992023384606,0.6815171560669294,1.662110543549481,0.0,0.3541501390156454
64,41,43,0.7434033245415724,0.8781346341466563,1.0942555789159147,2.1416625588310763,0.0033333333333333335,0.14657993488184384
64,42,39,0.5986244671629996,0.7677032416380213,0.9196139766288969,2.2336937995190276,0.023333333333333334,0.1414707068872379
64,43,49,0.6292990795630522,0.8304774588310411,1.0848201329014966,3.1171807481861453,0.11166666666666666,0.1644244765425094
64,44,34,0.6164598220132473,0.8152306831951202,1.133692280721031,2.1742522215470506,0.023333333333333334,0.11991336639475876
64,45,54,0.6647334769681514,0.8566901481986838,0.847332472483044,2.1794500965902537,0.023333333333333334,0.1153962827888869
64,46,19,0.782878322026804,0.8792041191004939,1.3617327557268581,3.2779531527809063,0.13666666666666666,0.09452354978115766
64,47,27,0.6294471973074484,0.84406649677951,0.913670738910697,1.8010060760097548,0.0,0.19354646588664798
64,48,32,0.6937688565585955,0.8411289143265124,1.2104284167015305,2.8793535459681867,0.07666666666666666,0.11638589847263618
64,49,28,0.5922324236026526,0.7678879639564743,1.1487275598443365,2.1313128588116212,0.0033333333333333335,0.1441679936671712
64,50,56,0.7175287756756629,0.873393613796746,0.9554096498244757,1.906774390799777,0.0,0.1628521547773051
64,51,36,0.6433172709064159,0.852679689235448,0.7046341578310091,1.3140332169856832,0.0,0.1814162172463565
64,52,43,0.7037527324239199,0.9116810320259958,0.7453183165450271,2.3132385127937085,0.02666666666666667,0.13029394089325366
64,53,49,0.7358510601881907,0.8620038305067181,0.925982254453046,1.6478294821992316,0.0,0.15740889768276325
64,54,18,0.6814113615763379,0.8060078985003354,0.6027023620483755,1.08412502155061,0.0,0.2732636936173427
64,55,24,0.6668342571679982,0.8479735446288507,0.6658141525253675,1.468731680069129,0.0,0.12517676206562012
64,56,36,0.780728886709781,0.9058683142551514,1.4211788276289337,3.7876461666458168,0.20666666666666667,0.16756685429337473
64,57,42,0.692432977889067,0.8597537659579699,0.9522150992644856,3.706881251051569,0.16333333333333333,0.10499106672657306
64,58,42,0.6369814919067667,0.801292835680778,1.2049326062043306,3.035856512751756,0.10333333333333333,0.12662540074107453
64,59,44,0.6659823148158517,0.847442790868645,0.817264506390443,1.7514378267185278,0.0,0.15341745933786305
64,60,31,0.6708687763384784,0.7896577231225674,0.7669885764743913,1.399619268978123,0.0016666666666666668,0.1836180388814551
64,61,37,0.6235919349100383,0.7967767994736767,0.9614825110939091,1.6913875093109738,0.0,0.1442304489144687
64,62,34,0.6148387074295172,0.8342783676338994,1.1796048864137232,3.3936298768530886,0.15166666666666667,0.1185525021301203
64,63,38,0.6962653890499058,0.8547179793404389,1.4075788380112149,3.4939437468985672,0.17333333333333334,0.14362856662213175
96,0,23,0.6712367206958152,0.8518450356959277,0.5969754568294651,1.4199395673654798,0.0,0.10982242632980485
96,1,10,0.8690086900483543,0.9533878443079639,0.5070124311697383,1.165334701873717,0.0,0.21616119789228633
96,2,20,0.6562686451738851,0.8458555326972319,0.6343996126485139,1.4582429933104313,0.0,0.10301068838474052
96,3,41,0.7893823094676152,0.931887009406798,0.8733617804960548,1.5211059185814018,0.0,0.13768962074414132
96,4,18,0.5983748976156278,0.7653045842084751,0.677972902358912,1.476609156542409,0.0,0.09968204658758872
96,5,26,0.7974123907457504,0.9259686669483447,0.8523645708654402,1.6814709668113381,0.0,0.10963660900581207
96,6,26,0.7193429791624292,0.8538189311943839,0.669924454414804,1.2568744916405996,0.0,0.1435296873743006
96,7,24,0.6629457440631525,0.8161812645195596,0.5817975526707724,1.0443308449163335,0.0,0.09174604659307498
96,8,27,0.7636702174447814,0.8879961584619325,0.802298328434701,1.6586582413683815,0.0016666666666666668,0.10514317707324958
96,9,20,0.6937909637618167,0.8675519016575196,0.5212496186034317,1.717307904506738,0.0,0.10631938521662197
96,10,33,0.6817561975372644,0.8721350342221281,0.6857436244579824,1.1920193665345205,0.0,0.08714425896766598
96,11,32,0.6258754803301747,0.7832631962038147,0.8163709539769628,1.7405079388604876,0.0033333333333333335,0.16655274750656818
96,12,22,0.7290987384137844,0.8820460679925309,0.5535050647381429,0.9105250558586672,0.0,0.11954296273251426
96,13,25,0.6374685351390998,0.7858159297336417,0.763962324617349,1.7799638169877308,0.015,0.12652634654852174
96,14,24,0.7745295669027625,0.9088006905823142,0.729324933733573,1.3091381044639188,0.0,0.18772185318661566
96,15,34,0.7495475129561324,0.8671494800798086,1.2181298362163682,3.2795899417327936,0.145,0.1264022508979312
96,16,17,0.6847289068091311,0.8723225676009605,0.5419781336551859,0.9673371050573282,0.0,0.09079302688879279
96,17,16,0.7335727710485118,0.8699121198660152,0.8124404816322973,2.9922745807186644,0.09833333333333333,0.09404771073830386
96,18,16,0.7730883494954377,0.9277655591313388,0.5115116469684108,0.9424605850358173,0.0,0.14864052135265235
96,19,31,0.719495455413643,0.8551480044707775,0.601584928940888,1.3099754292649386,0.0,0.14181956183499272
96,20,22,0.620640423844784,0.7769711980825368,0.580777173300613,1.3003597719172038,0.0,0.09905337997148164
96,21,16,0.6634113894326829,0.8511639466770754,0.7257111856481118,1.435419195210996,0.0,0.1550574161937773
96,22,31,0.6728194233585477,0.8665271217276336,0.7378895240255209,1.3140600296849871,0.0,0.0867586331042152
96,23,8,0.8824597779572081,0.949268166363882,0.584468631496174,1.085904581865096,0.0,0.10362126759546195
96,24,26,0.6773593773304585,0.8743606881102709,0.7723258150779994,2.1750828308050365,0.0,0.12964379925238764
96,25,33,0.7500126675158738,0.8960177036465771,0.9211304756437997,2.4642523393089446,0.025,0.12425666075201383
96,26,38,0.5929826376831415,0.7757455741188796,0.8194261624709086,1.5170556632093015,0.006666666666666667,0.1342847662377891
96,27,28,0.730251309492657,0.8798385755591629,1.0068684600614097,2.7817196035424203,0.06833333333333333,0.11966629907566702
96,28,40,0.6194144941380997,0.8318180148826732,0.6748911167757419,1.2366014404460568,0.0,0.12952299369691136
96,29,29,0.7220737935587886,0.8620665612670388,0.7511799751663998,1.9484141733171134,0.013333333333333334,0.06916003917250789
96,30,33,0.6795195853445637,0.8266457496195081,0.7571175526460068,1.3634889101601508,0.0,0.12664629220287474
96,31,46,0.6662824874551149,0.808844771790439,0.9809456628970461,4.081501135643148,0.195,0.12180459085975269
96,32,35,0.7440549221133135,0.8792834733703865,0.8836293883754083,1.7484532669554702,0.02666666666666667,0.08737501411200958
96,33,27,0.670918881450906,0.8457925796490912,0.9567910157844359,1.5538290134630266,0.0,0.13636760491896235
96,34,31,0.5669919586847998,0.8010593979260314,0.7860490198200898,1.6997906906328284,0.0,0.12850211184748145
96,35,23,0.6756880271625907,0.8053317369830868,1.4816068359455064,2.6638949897166655,0.04,0.12405126827982425
96,36,32,0.6636581229632097,0.8440508871296051,0.7768174833372374,1.3716686753276457,0.0,0.13794986273718068
96,37,29,0.7369465537269275,0.8639203532942678,0.6740815137366543,1.4528942535059968,0.0,0.10104610924315612
96,38,29,0.6163304136731702,0.8074671119384392,0.9378498243421196,2.2241864154846924,0.0033333333333333335,0.11714047035193442
96,39,22,0.775311571897262,0.8973358875717002,1.2022485087277854,2.0576351384574916,0.005,0.1319512895139982
96,40,19,0.6807155803538597,0.8913641056635566,1.6515161387096375,4.100234268362097,0.25833333333333336,0.09408416835738807
96,41,10,0.6846188637415039,0.8589412635989873,0.6138159842419331,1.149898892615947,0.0,0.05807679103737874
96,42,30,0.5847143797312705,0.7647652723703933,0.7817338370823939,1.420800563890319,0.0,0.15927679432891406
96,43,32,0.626714863281945,0.8270317234147596,0.8343251306462722,1.4034175688268085,0.0,0.11660392450710805
96,44,22,0.7665565377646368,0.8929323369584364,0.7986901539764513,1.466465565385936,0.0,0.12377086438294145
96,45,24,0.7630656715592847,0.9092602315127876,1.0435963255265972,1.995805769504308,0.0,0.11723031991293945
96,46,17,0.6517280433279358,0.8248821970424387,0.40208126505430664,0.7655942700749533,0.0,0.16988301013816676
96,47,22,0.6840525040354848,0.8396890457570719,1.0193251478095178,1.9814865489356293,0.0,0.10485653111700811
96,48,26,0.6706453085993671,0.8320610065449608,0.7948321401802535,2.0054365642988814,0.0016666666666666668,0.10595975499468323
96,49,28,0.7984331487740809,0.9301254913177367,0.6717170834497399,1.3046800111838353,0.0,0.11666601401505755
96,50,22,0.7468785025472973,0.8945275560341425,0.706660607773552,1.3293756752534112,0.0,0.08522694901025578
96,51,30,0.818579116280504,0.9225235822178655,0.7972619296021461,1.5553016714063683,0.0,0.0984899421906061
96,52,30,0.652378719134579,0.8267214654662004,1.0249484242160531,2.100851150864109,0.008333333333333333,0.10450088003130968
96,53,14,0.6808466070570549,0.8427464552020691,0.5287669167542781,1.059563868014984,0.0,0.14852515127008722
96,54,35,0.7675437350092987,0.8638657666724029,0.8766474660495267,1.713066669323694,0.0,0.0767671297070017
96,55,25,0.7783251751563749,0.9124917407821452,0.7466256423886148,1.6516722599907627,0.0,0.1068215013792466
96,56,32,0.657051373018136,0.804922323259295,0.81952155360003,1.6049204817974725,0.0,0.12309381428300589
96,57,23,0.7800711674868988,0.902114486616428,1.0317959248427937,2.2517072235317968,0.03333333333333333,0.0869518586072202
96,58,43,0.6880448759148485,0.8274728389390759,1.0696805565047793,1.8489658691603197,0.006666666666666667,0.124406573286873
96,59,25,0.70341000221418,0.8893638587410089,0.9130782774731437,1.6544405094448582,0.0,0.08518854309399497
96,60,24,0.7896074292352667,0.9286078033529954,0.6023073010171607,1.1050484992015661,0.0,0.08492181686175723
96,61,35,0.6164867719387577,0.8709565420377325,0.5838800788342071,1.0556217662137746,0.0,0.09068694641536139
96,62,29,0.5722022950427429,0.7544140627957776,0.7805555778300688,1.6611187570258648,0.006666666666666667,0.13419985574353852
96,63,30,0.588797246433554,0.7935233608241306,0.8236615230837734,1.5349433464061606,0.0,0.09200088117230226
96,64,33,0.6834875174955257,0.8738522548538965,0.7196400328997345,1.6744238909639537,0.011666666666666667,0.1538748883959549
96,65,23,0.8533272422371662,0.9692009863984935,0.7005931925295363,1.9842288013400093,0.0,0.09871406060869396
96,66,24,0.6767487083960764,0.8653219399408147,0.7232740510679745,1.2038612572913232,0.0,0.12707052003610422
96,67,47,0.6179128768231681,0.7969540547831402,0.7753506225774042,1.466981768265415,0.0,0.10185215737462448
96,68,27,0.6130906235536162,0.8063056219303554,0.8909082434716387,1.8069538606555606,0.0,0.11373067574630209
96,69,19,0.6469410241639889,0.7736841398331596,0.6789778590320702,1.4217818580879429,0.0,0.12085249727791565
96,70,24,0.8050141952281671,0.8922347179457936,1.1521890020231083,1.994604937260053,0.0016666666666666668,0.0746616273470964
96,71,35,0.741953623434913,0.8704360055604329,0.6760324615754669,1.2189162477974098,0.0,0.133824320465663
96,72,14,0.7150473562136278,0.8715015645524791,0.5534129307230753,1.199901595321819,0.0,0.07664818057502422
96,73,10,0.6716513305399737,0.8380873717951459,0.6781951961586052,1.2780148841284424,0.0,0.12207958724213606
96,74,34,0.8480591603617249,0.9588027576977582,1.05423526419548,3.8282845553946947,0.135,0.10041258176326255
96,75,28,0.6613289812930105,0.8308354646937655,0.945606662164254,1.7901456437642573,0.0033333333333333335,0.11535079172284556
96,76,13,0.7099455177100209,0.8590334952378245,1.1243904922255794,2.2874873063765397,0.0033333333333333335,0.15245449715517506
96,77,36,0.5927885455225934,0.83834159428722,0.694493076321588,1.3225947307531383,0.0,0.09357224893026772
96,78,20,0.6517530592315053,0.840058079018349,0.5459594361134741,0.9411879612836972,0.0,0.12218746084782335
96,79,30,0.6558113248516149,0.8235947112151671,1.002321846679318,3.234187973791111,0.13166666666666665,0.0915110391406742
96,80,28,0.6663513840496307,0.8143412094766248,0.7237864427479769,1.3016712150109495,0.0,0.10164285747060485
96,81,33,0.7867521590481654,0.901783710156628,0.7017129016824247,1.5197141869163806,0.0,0.07897903568329206
96,82,29,0.6633223064833209,0.8364988990882579,0.8983721644859125,1.9871946037809298,0.0,0.08704730695602925
96,83,40,0.7254004459506451,0.9261258868658642,1.01402619400394,1.7410375884888512,0.0,0.09144669081359404
96,84,11,0.8423672041523398,0.9628824634192145,0.497490338785718,0.9586421406813854,0.0,0.12186462653199723
96,85,38,0.6455631518487932,0.7983338074417126,0.7747715205587353,1.506747880282525,0.008333333333333333,0.14089204856206688
96,86,28,0.6297094927734219,0.8189034715879706,0.6337464405295924,1.0787012035786463,0.0,0.1358043945661943
96,87,34,0.6326393631826708,0.7991492791998398,0.8280847145011412,1.4729532238446876,0.0,0.11197190798362235
96,88,34,0.5537623382426644,0.775115081768912,0.8519443120962804,1.8348729757299502,0.0,0.12320007980352116
96,89,34,0.7399930752453074,0.8829014348337347,0.7147372607169291,1.5201658471613608,0.0,0.09362637853292023
96,90,31,0.6185172823441769,0.7958549313156194,0.7352530707956659,1.507485791552805,0.0,0.12845390745633886
96,91,56,0.5928975316897612,0.8039333398804664,0.9494423993575529,1.7320316246459717,0.0033333333333333335,0.09593780292968179
96,92,16,0.6915439710906732,0.8738244870071895,1.265155376031025,2.5877491892965048,0.04666666666666667,0.07756158300752108
96,93,14,0.8348915057147459,0.9346309768969255,0.8715373255703207,1.8725687839915441,0.0016666666666666668,0.06995228067980169
96,94,25,0.6267736613942844,0.8204053007574895,0.6023075469408368,1.105541721793594,0.0,0.10244099557558445
96,95,30,0.6434515398026415,0.8166463350071508,0.8437625236872601,1.5902951886167398,0.0,0.14163227193410804
128,0,29,0.7136765032661034,0.8217330922795857,0.7251999329669644,1.3949065193777124,0.0,0.05448581203589939
128,1,23,0.6947550262928704,0.8392184123284774,0.9521599613785208,1.9465564574536047,0.0,0.11815894323162002
128,2,33,0.6833341787017515,0.8482041932715928,0.6088448475866058,1.3173088576767422,0.0,0.12565519139028158
128,3,23,0.6713801248559078,0.8334028937321382,0.8007664243165574,1.5094531400532087,0.0,0.10794730034031841
128,4,19,0.704999097057489,0.8740789173636663,0.7239901763530561,1.424573054689364,0.0,0.08515360488402092
128,5,20,0.7259820847302815,0.849726291875633,0.6350704112052425,1.0392585110869275,0.0,0.14582473949957084
128,6,17,0.7993259874058464,0.9327041196876855,0.6644158141861487,1.3369872319139187,0.0,0.08116694395565993
128,7,29,0.7150209442377622,0.8819296877287338,0.90766716978835,2.2102801903622913,0.013333333333333334,0.08643300523947485
128,8,24,0.7437647366413354,0.9121510025247344,0.8504624409587627,1.7192445111703432,0.0,0.11863140744620493
128,9,20,0.6840314819057787,0.8407927840029499,0.7165966366091883,1.4205034285269396,0.0,0.08137892093013543
128,10,29,0.6540499840309149,0.8145404707951995,0.7904250894483322,2.697739310749553,0.06,0.10087292020584841
128,11,17,0.6701166522163704,0.8482538185949813,0.5709980362691067,1.0498421796206563,0.0,0.09089876381112119
128,12,22,0.657279684859724,0.806644122802822,0.6161063730007745,1.5070474818644428,0.0,0.12040101366020876
128,13,19,0.7371135256392061,0.8777310076009679,0.7313680956237716,1.2937286727918358,0.0,0.06142185989879453
128,14,17,0.699875202781902,0.8710659871966085,0.8208512482830936,1.8844178739711586,0.015,0.06399783410916643
128,15,16,0.7248370277799386,0.860655750114206,0.8836640487875865,1.6770057072327609,0.0,0.08181750875836338
128,16,16,0.7393919660439549,0.8861889205701776,0.7410366191414176,1.3506572759327389,0.0,0.14184355509061886
128,17,26,0.8271314481840308,0.9294196140731917,0.7314257586376459,1.6940435208029658,0.006666666666666667,0.09197391136378874
128,18,17,0.7763280878272667,0.8641700184544971,0.6502740247408276,1.2672675503836002,0.0,0.21783619627826495
128,19,32,0.903932746635965,0.9628994648332444,1.1620399579900598,3.5088703157058214,0.12333333333333334,0.10861334827253469
128,20,16,0.8180292378089612,0.9064069238464325,0.8470788465551441,1.9477658332537375,0.028333333333333332,0.10279345193936258
128,21,21,0.6341572582209947,0.7954595780290705,0.5875377404798122,1.2695889377069518,0.0,0.10110843543617833
128,22,36,0.6719114689847785,0.8225057717166767,0.5916776455343549,1.7240475006643639,0.0,0.07797418378988322
128,23,22,0.8928350101357014,0.9581889465158312,0.4604491294166918,0.9016064338677373,0.0,0.10637033948118979
128,24,25,0.7744614291449841,0.9143926359768298,0.7305473794795785,1.6338419861929836,0.0,0.1022372034094986
128,25,19,0.6382404655888884,0.8368731048244215,0.7653126842036705,1.427103652921079,0.0,0.05197683147458828
128,26,21,0.6417152383399685,0.7973865475137506,0.9314344811777229,2.226739671805634,0.028333333333333332,0.09258497897147064
128,27,29,0.6527688825828318,0.8410106294479445,0.6918257409513616,1.3593146440389539,0.005,0.11794942792381928
128,28,25,0.7140424665549036,0.8784904682332337,0.7856530623613087,2.19884557452744,0.03333333333333333,0.12256147521028682
128,29,25,0.6062135889007962,0.8058086112038371,0.7787591581173648,1.4407023931529226,0.008333333333333333,0.14334434308603416
128,30,12,0.8838871483371706,0.9480576749607625,0.53374789324851,1.1226723316492826,0.0,0.0656712105330446
128,31,18,0.6945687771269269,0.8531836110397555,0.7577541424030504,1.3662197119666928,0.0016666666666666668,0.10906940398073935
128,32,17,0.6683979465722947,0.8442880679271316,0.6622126526141624,1.5433808417274193,0.0,0.054684435159379
128,33,34,0.6462664159405951,0.8749699863955882,0.7061382515883013,1.3808302370044885,0.0,0.09780559027678024
128,34,20,0.644745982298782,0.7950643270560562,0.9126254894985207,1.501532549899148,0.0,0.09165377417203135
128,35,21,0.5999617027983135,0.8108560923384636,0.6951997135720698,1.5495754400988944,0.0,0.13574864076145787
128,36,20,0.7005357591383843,0.8627509903450471,0.6143120046036247,1.3192887265418534,0.0,0.062186893767078484
128,37,21,0.6848635366152026,0.8876403010769397,0.6156933400668124,1.1565184106760644,0.0,0.07672140442885574
128,38,24,0.6388205812251683,0.858619537643845,0.8912578459183261,1.7168110094291082,0.0,0.08118124590225465
128,39,26,0.7120950510777728,0.9070061178730434,0.6108664100165984,1.0326807504393836,0.0,0.07895641532011777
128,40,11,0.8423672041523398,0.9628824634192145,0.5005840101489041,0.9872785246510503,0.0,0.12186462653199723
128,41,20,0.751311858288813,0.9115127084225618,1.0871498498668868,1.8514494312195344,0.0,0.061995485886636156
128,42,15,0.6654345447041109,0.8309759811998926,0.5798922172008133,0.9887856674544909,0.0,0.10693387114688396
128,43,22,0.6340680155861791,0.8186496216891159,0.726106536002372,1.6524015670446408,0.0016666666666666668,0.07301301527026352
128,44,26,0.7861931220716033,0.8802884865355592,1.3279089788352323,3.6817416749057483,0.135,0.09022895184780237
128,45,15,0.730260941519455,0.8852680809254228,1.0984827662504504,2.0056287284755494,0.0,0.07924380342759083
128,46,24,0.6122715129146047,0.7625729225334679,0.6479798891541957,1.4766255643446593,0.0,0.06425092631639723
128,47,24,0.8093215212789957,0.9147454954215982,0.7179551578464367,1.2729565838738162,0.0,0.06363203642255019
128,48,15,0.7390481756673812,0.8908167709054227,0.8297010541125024,1.5597173884934428,0.0,0.09730955469963073
128,49,21,0.6274047665389579,0.8014101234067177,0.6286409338016921,1.4105914608341428,0.0,0.0855356669259883
128,50,29,0.6675902966047202,0.8353053182760207,0.6474493536048369,1.0683752020205104,0.0,0.10008458908890128
128,51,22,0.7013779996034131,0.8718240342615537,0.8003938005947576,1.5357493984002923,0.0,0.062109696116571037
128,52,20,0.6336617061639391,0.8686704307326238,0.5596157452576922,1.2625064567840971,0.0,0.0725838087982951
128,53,14,0.7821065930998996,0.9492313454393003,0.7643993964692627,1.7487195070196733,0.0,0.07846037579643117
128,54,18,0.6455357765700245,0.799835336363007,0.9968682090433099,2.226704188548849,0.03333333333333333,0.09357897540673114
128,55,23,0.570900022773819,0.777796887418716,0.6731912019751756,1.2829759806892462,0.0,0.10064474435331972
128,56,30,0.6338197495189586,0.8792291457913968,0.8294470854040722,1.640169593577825,0.0,0.09998380373534768
128,57,20,0.6544386223030929,0.8312347907181807,0.9630071466193723,1.8160176078767138,0.0016666666666666668,0.06345708466727742
128,58,22,0.7137433116062208,0.8407281716726277,0.6249385254686379,1.4638733766633858,0.0,0.05910047498648803
128,59,26,0.7034373272591685,0.8328402759978276,0.6120562612192391,1.2960609057137296,0.0,0.09176970814183263
128,60,17,0.6153964403353493,0.8032543459878354,0.609435218615692,1.32249207021957,0.0,0.0824220969753412
128,61,29,0.6136931041770177,0.8019967494213083,0.7375938504797122,1.5820963703703426,0.0,0.07123741550841595
128,62,21,0.8367775993380174,0.9458229000062024,0.5780311999735599,1.320231670468513,0.0,0.09582940470596227
128,63,9,0.769747441301585,0.9209680754132676,1.0731780216473323,2.1866956934027595,0.0,0.10279237091682314
128,64,23,0.6469734094445554,0.8122021972110609,0.6488451447482317,1.2165870985715201,0.0,0.06096808535249569
128,65,25,0.7009762527166641,0.8638681110970661,0.5615240104918922,1.0152398144085455,0.0,0.09136273176774398
128,66,19,0.6728172579756962,0.8194986644989092,0.6524860821443919,1.4376413471281781,0.0,0.12304057658183584
128,67,8,0.7768714609157713,0.9678183252813539,0.7470561305397558,1.5867342211603144,0.0,0.04284318110143638
128,68,19,0.7958906293636264,0.90141521908753,0.6728734480808971,1.2239409661144143,0.0,0.11356165436248974
128,69,26,0.7230838194214331,0.9146533891275185,0.7947587134941301,1.7602420040200712,0.0016666666666666668,0.09379464527687821
128,70,25,0.6609041349995499,0.8254660291375236,0.7858337565528456,1.6288168927748563,0.0,0.10552364486358123
128,71,21,0.6848887551473268,0.818240272528154,0.6898046356031144,1.6476977698324091,0.0,0.1193335154097409
128,72,26,0.6818323367927668,0.8749926014368963,0.5090558017393845,0.9100454240935375,0.0,0.08747500616183393
128,73,19,0.8686098072365724,0.9501671675448624,0.6106698229887226,1.0737242447445876,0.0,0.06804820045299009
128,74,16,0.7548457136381905,0.8951197064797912,0.7095325530813004,1.683131460836631,0.0,0.05397603015788208
128,75,13,0.8409334883977164,0.9416591897436914,1.0936183550309297,2.31621464197661,0.006666666666666667,0.04261280037106777
128,76,16,0.620524568687006,0.8468765615309275,0.44130947294692147,1.0373712860027218,0.0,0.11965931314567867
128,77,22,0.7642447879886638,0.9242416973488252,0.9648026566798262,2.0976291818054635,0.028333333333333332,0.09731575815018013
128,78,14,0.6322171040113403,0.8354535885587876,0.9129404610629649,1.880556431335004,0.013333333333333334,0.08934622146899454
128,79,20,0.6974612380421283,0.8600656856521945,0.7162776603399406,1.5574725923330532,0.0,0.10465886511645746
128,80,28,0.6395604613253886,0.8499262895599901,0.7027341257895292,1.5685815132534533,0.0,0.0888869530084801
128,81,14,0.7700527906283314,0.9263152706628568,1.4346131318110191,3.283637439326588,0.13166666666666665,0.05861984750944378
128,82,18,0.807744529607529,0.9450068794575146,0.7181786679771596,1.416477762482763,0.0,0.07862458615750505
128,83,33,0.6100267448742062,0.7877127247288308,0.7770101732733039,1.4682661018228493,0.0,0.14312974603211084
128,84,28,0.7999323153906849,0.8999423744019948,0.8858066412948935,1.590419640701224,0.0,0.07137521754532951
128,85,9,0.6212458551327161,0.8152723818450756,0.472694806133868,0.9124139300038094,0.0,0.11235180412623595
128,86,38,0.6301203993666009,0.807101870473635,0.6587424585973016,1.1729718900289086,0.0,0.08820857604659639
128,87,12,0.731410902211915,0.8814047472724995,0.49547156973044304,0.9922373575710209,0.0,0.06555595580686319
128,88,15,0.7618206662554307,0.9282108909106032,0.8860199684255277,1.7256278196742882,0.0,0.09219098817631201
128,89,10,0.824362994026357,0.9753634903624898,0.5983313975727182,1.060771972063819,0.0,0.11488909567551647
128,90,23,0.6773228482636402,0.8357223095396717,0.8722691637785343,2.0982754963903822,0.0,0.08844745300836787
128,91,26,0.5994461357296788,0.80742578578181,0.8198939372926757,1.6368224957133108,0.0,0.09537535904233041
128,92,16,0.8546145783212946,0.9267020883270282,0.6262472949057236,1.173192687687329,0.0,0.049446037374253814
128,93,19,0.6647598543263167,0.8100327904573965,0.5507047540575591,0.9684406229845924,0.0,0.07201077081505515
128,94,14,0.6481422887686813,0.8365967628744462,0.4249439553518557,0.799644875745104,0.0,0.036809799201359086
128,95,33,0.5892211340504319,0.7937347906210664,0.7500753702306746,1.5068954335957876,0.018333333333333333,0.09873510797441329
128,96,11,0.821111121913679,0.9614159141896257,0.7963229473796454,1.7802525356361116,0.006666666666666667,0.12040888009057646
128,97,17,0.667568167800535,0.8228289980757271,0.7379119020508877,1.5425341665332952,0.0,0.1446968440397876
128,98,27,0.6972983437291036,0.8144065806471154,0.5961367303803005,1.244373992755867,0.018333333333333333,0.14766232810557686
128,99,16,0.811688021261793,0.9052394936871584,0.5276281506447797,1.0200063556902181,0.0,0.11507722475567488
128,100,14,0.7095240416484693,0.8607853883780807,1.0880521224666035,2.067156368028887,0.006666666666666667,0.05502535756933062
128,101,19,0.6013896044242775,0.8158451516826384,0.6206320708592313,1.2932872863058238,0.0,0.07668344025182167
128,102,11,0.8818864292890501,0.9752005161844253,0.7973759012898145,1.8209277876851837,0.0033333333333333335,0.08180006865979965
128,103,19,0.7586296516786821,0.9113834636130775,0.4985992710599131,0.845719136866612,0.0,0.08473479850465813
128,104,22,0.766600142191319,0.9139529297299394,0.9797625336461333,2.3650203014354223,0.018333333333333333,0.07797491339085184
128,105,19,0.681991967197906,0.8466989657287317,0.6831403541778871,1.3439822887524475,0.0,0.08509643447864905
128,106,12,0.815754521357706,0.9413441952041304,0.5274946982462414,1.187185830497559,0.0,0.05462603295403827
128,107,28,0.7111961917522054,0.8474174174649756,0.44711943384755426,0.7927040285816637,0.0,0.05407371123603831
128,108,14,0.806897874106892,0.9431389793432425,0.7420232775938925,1.7003362272157256,0.0,0.05489506351424493
128,109,19,0.702919146434175,0.8563194850685113,0.6451145865594596,1.5973431225703538,0.0,0.09373247036027473
128,110,16,0.920148307003348,0.9666761527014444,0.5039298898352396,0.8839881587689824,0.0,0.08736642902659784
128,111,17,0.7733296845255105,0.935726443325955,0.6425920557904465,1.3507831389448082,0.0,0.06597238816865267
128,112,16,0.706692613899783,0.8989965747919306,0.5703636328297739,1.1605991270663847,0.0,0.12111696013616753
128,113,23,0.7959097283517353,0.9329864321832928,0.9047909189018946,1.9841991035947,0.0016666666666666668,0.08242460059681869
128,114,17,0.6209304624491521,0.7655432663075672,1.2237482509780335,2.7997029910873743,0.05,0.08920834896948648
128,115,21,0.5860421499113375,0.7755606701137132,0.746664740097539,1.6859823160535734,0.0,0.08195649989416186
128,116,20,0.6750814422117959,0.8503119200599913,1.0703632884801335,1.9212283984667202,0.0,0.07145935888867459
128,117,2,nan,nan,nan,nan,nan,nan
128,118,19,0.6703219553417747,0.8345042299424122,0.8713391436798401,1.6284819756419062,0.0,0.051240516116355925
128,119,18,0.7295654456366408,0.8762816459469074,1.0675405108672154,2.9622797718080345,0.095,0.06685166688871177
128,120,18,0.6552647380321757,0.8685815340313965,0.8363478953236207,1.4630103365047207,0.0,0.10072231012140771
128,121,15,0.8018120334964709,0.9290150917500722,0.5719862154629103,1.1044650837908712,0.0,0.07366404744253813
128,122,26,0.7791419139666265,0.9267061191517538,0.7436324671064957,2.1806885606425426,0.021666666666666667,0.1026948073133753
128,123,13,0.8431048380545388,0.9493626293024647,0.7231948945585177,2.0019513913947367,0.0,0.08608858245883735
128,124,20,0.651828177168929,0.8594341349626191,0.7140757903098531,1.481811454926894,0.0,0.07480936440792005
128,125,15,0.7494559727155288,0.937664359413128,0.5434758533407372,1.0115944341098566,0.0,0.0977956728432236
128,126,7,0.9153840290518231,0.9632481766881092,0.5941091001631715,1.1236831811900725,0.0,0.05817277275319849
128,127,16,0.726495791347318,0.8595150259379254,0.6147244144829282,1.0770070909859704,0.0,0.0781631363880619
160,0,7,0.8301694262501527,0.957129376079426,0.41533169485845645,0.8112213489422831,0.0,0.13063326438729897
160,1,14,0.7534190459623621,0.9008304774420097,0.608828444838392,1.371052604541435,0.0,0.06017408462299206
160,2,19,0.6609205177748849,0.8349329214121751,0.6453756755724157,1.183684454126739,0.0,0.06920987123615278
160,3,25,0.6572947787318753,0.8151166544782442,0.9492571353882413,1.9898484299896548,0.0016666666666666668,0.09193013223232631
160,4,9,0.6955060633597081,0.8285130928775837,0.5470347339427282,1.28953662813402,0.0,0.06908293287741404
160,5,23,0.7859648119062161,0.8925109277122778,0.8379496683284444,1.908387363249568,0.0,0.07803334787859546
160,6,13,0.7593893255557888,0.9328765361381923,1.044809897275266,1.8923587749911532,0.0,0.09322924936838362
160,7,24,0.6363678291095058,0.8284297281233128,0.7501446337988038,1.5942024559275085,0.0016666666666666668,0.09240230948769365
160,8,13,0.7921973295481822,0.9025518327246664,0.47899007137133964,0.9511722647186819,0.0,0.09061884094194134
160,9,6,0.8367425980516138,0.9908523745284568,0.5466574220042973,1.0307345312924863,0.0,0.042343371261171325
160,10,21,0.8075248876024155,0.909119284355969,0.8499284601943007,2.3209849273141456,0.041666666666666664,0.10529712884486163
160,11,9,0.7288902478960292,0.9220482651848948,0.4198725882893326,0.7709713820929666,0.0,0.05869746017672346
160,12,15,0.6814289075530671,0.8408089143171597,0.5877524625208338,1.109762942919234,0.0,0.07673330787995801
160,13,15,0.7572773430809875,0.8756943699197963,0.5850455228916851,1.186946761746003,0.0,0.04541253308312432
160,14,11,0.7374430828164155,0.8748088057929911,0.49230645721565736,1.473333646733166,0.0,0.04995049986196725
160,15,16,0.6128259250103273,0.8159118237783525,0.6168187157881919,1.423727507936158,0.0,0.10573950910432274
160,16,13,0.8535299893534323,0.965530538764759,1.1536484987632245,2.0541841276017725,0.0,0.05304368368210134
160,17,7,0.8865045068961563,0.9724674876101105,0.691705416331416,1.4593317090656643,0.0,0.04867999190764522
160,18,29,0.8658575071245578,0.9555664138290131,0.9510133178998135,2.540879435444632,0.08833333333333333,0.08243670360482609
160,19,20,0.6772738504169951,0.85679808587065,0.5309634726640379,0.8555657566029724,0.0,0.09767906857338964
160,20,9,0.697019316711211,0.8790482551443288,0.7034031882547982,1.5325286006914989,0.0,0.07275430572853882
160,21,16,0.8120790685526292,0.9328739319085035,0.9763983136673997,2.4914047738881573,0.041666666666666664,0.04698686148988658
160,22,21,0.6687162714446346,0.8407151579762498,1.0793776226408571,2.918090388457251,0.085,0.07521847384343958
160,23,22,0.8224861588783944,0.9222666320354801,0.8060983147025054,1.4040470512509897,0.0,0.09525376946650306
160,24,22,0.7534615729939439,0.8879535279753097,0.7123338275074167,1.8447878116603411,0.0,0.060077208107755076
160,25,7,0.654542108228823,0.8433239671026685,0.6482736388430634,1.2412459727614604,0.0,0.029868133222890655
160,26,25,0.7017234984047889,0.8213453740920109,0.8273776017176764,1.6754011424071735,0.0,0.0535907264390285
160,27,9,0.769747441301585,0.9209680754132676,1.1088169224594568,2.242652953261246,0.005,0.10279237091682314
160,28,28,0.6188886316485043,0.7706471408767532,0.6383615852443492,1.5592232496466867,0.013333333333333334,0.13253103790109105
160,29,12,0.7403297525230782,0.8930474997574561,1.0352479286251541,1.6106616222193242,0.0,0.08038381561196792
160,30,19,0.615728602718199,0.8160397426445719,0.5771308887839328,1.0573776529387593,0.0,0.055230267060686504
160,31,19,0.6880708629531183,0.8553399591091222,0.7215874819637222,1.352961498831859,0.0,0.06355905934533453
160,32,11,0.6888842808376254,0.826830018117456,1.2385930747850349,2.591534162267264,0.04,0.09882114799018756
160,33,23,0.7162798914208288,0.871393322287109,0.7774685936230397,1.511073139567912,0.0,0.06872248423027211
160,34,21,0.6311265860321896,0.8195167954667919,0.8483752861358564,1.748636511520661,0.0033333333333333335,0.07746790489503916
160,35,11,0.9101584570049681,0.9569984681492237,0.44037003431778154,0.7339380720396323,0.0,0.059443688508591025
160,36,34,0.683132701594573,0.8820143797581803,0.6559873095934081,1.1945538505370894,0.0,0.09510559784405573
160,37,21,0.6595445742868877,0.8257992816976887,0.5852393628641857,1.0767702773184893,0.0,0.06900570331502476
160,38,16,0.6990194352764799,0.8608341766139977,0.6829661970468779,1.2759040711048515,0.0,0.08861108339301567
160,39,16,0.7115931782212783,0.8763177527609574,0.6426941459511716,1.2576719534465006,0.0,0.0741555523537259
160,40,25,0.7222857237095804,0.8492592850818184,0.859413999369163,1.7684831316771414,0.0016666666666666668,0.05068653527522617
160,41,18,0.6838001733223615,0.8804853516887736,0.5917472057610118,1.0975957874336324,0.0,0.06801318486817966
160,42,23,0.7661920801792192,0.9081062696230148,1.0875292010969853,2.0454984801654517,0.0,0.07364343074075302
160,43,16,0.5882152170941318,0.8057804686347019,0.8421152580949127,1.9028371252739504,0.0,0.06090851924680157
160,44,27,0.7653551334778336,0.8540669652229836,2.129898167331361,3.8892940955973487,0.24,0.08249978580522982
160,45,20,0.6265494036575541,0.8385893036349441,0.6377131868545146,1.0822864540975063,0.0,0.059458195021984496
160,46,16,0.6287752744056345,0.8040352517717446,0.646388581422527,1.0616369512159984,0.0,0.07869664548257783
160,47,22,0.6640606849731095,0.8301559617722366,0.7056225924539684,1.2386193076237395,0.0,0.049359957898016005
160,48,27,0.7001440556690561,0.835713225840164,0.6839081046791797,1.3785846921782519,0.015,0.1260482941328534
160,49,13,0.7094268411321383,0.9049888565533173,0.8338787870743893,1.6230217194143604,0.0,0.03790760664457103
160,50,9,0.7919108893475797,0.9287779780639831,0.43605783781581664,1.0746597970626754,0.0,0.09415147791862424
160,51,24,0.6157247324678794,0.8399080747587034,0.6171568055742607,1.0065085957915934,0.0,0.05927466769017626
160,52,21,0.692581764137385,0.8911719891266531,0.7660030466641716,1.328274767942557,0.005,0.06284892511897872
160,53,16,0.7321751097810378,0.8775598102259233,1.1765063153426243,2.953733874560081,0.09,0.06838514326352801
160,54,22,0.6351183521369321,0.8489360463129263,0.6401427763738448,1.1712036425558368,0.0,0.13817265656754846
160,55,22,0.6501296309699502,0.8287515333366701,0.6743375639649003,1.3078895098913559,0.0,0.09974393377585399
160,56,9,0.8080741663687776,0.9530973558298619,0.5712752112740844,1.621890575602252,0.0,0.04557562032004545
160,57,21,0.6649010985296862,0.8046672748474755,0.6488414685944972,1.2891425268443513,0.0,0.07272561041225603
160,58,15,0.6731533301042025,0.8750206531960933,1.4059220728083672,3.024766386560726,0.10333333333333333,0.07007163290564135
160,59,18,0.8748215172547656,0.9533262260816907,0.5622945195362626,1.2477408951117843,0.0,0.0761627050629789
160,60,16,0.7101691297611955,0.856965923648649,0.4818513287082442,0.9485400798156108,0.0,0.08109000802130861
160,61,18,0.7417586413181725,0.8840922456471997,0.8508398876957801,1.4783670979204535,0.0,0.1149811531644389
160,62,15,0.7600087646411644,0.8949532988827207,1.4059520226216689,2.8352013628404227,0.06666666666666667,0.060970392472431335
160,63,19,0.8054353290034775,0.9321424737050498,0.7796055807116857,1.3755036480809495,0.0,0.06167873292418416
160,64,19,0.6853227389144301,0.8715090705108457,0.5914957401130627,1.2957804801381394,0.0,0.08149425257608069
160,65,24,0.6799179315285856,0.8482860789941273,0.7573002630339134,2.295380967135419,0.03666666666666667,0.04704446170054165
160,66,10,0.7824930043121663,0.8739385525640904,0.43771597198521395,0.7431519675323457,0.0,0.037398163391170275
160,67,12,0.7957611492558315,0.9394897546223567,0.5963139928732215,1.1055975506746294,0.0,0.09416748465898281
160,68,24,0.6452157640417495,0.8577150327531972,0.7525572841546582,1.6610385706056707,0.0,0.0545099057091191
160,69,22,0.6427133930855066,0.8132630115285526,0.6509779871739159,1.0990435779694658,0.0,0.06432594427093387
160,70,21,0.781269625803793,0.9008667775233707,1.0910040286145195,1.974022692296019,0.0,0.10066637019090093
160,71,10,0.7588428204290443,0.8906579422265973,0.6865139876820975,1.5354979093885368,0.0,0.024211104937381378
160,72,11,0.8423672041523398,0.9628824634192145,0.4933928121235124,0.9521844145131974,0.0,0.12186462653199723
160,73,19,0.6371400523683635,0.8269792778474702,0.9496621587957865,2.0678967608322623,0.015,0.09560407566376558
160,74,20,0.6698247425436176,0.8241813117369476,0.5572480923222143,2.060733312060093,0.0,0.10660876527232713
160,75,11,0.735543379225601,0.8931938955282694,0.44015409068023903,0.7261057391455817,0.0,0.08224198574712813
160,76,17,0.792659814398748,0.9323209056071717,0.6181982537045343,1.2340404526246913,0.0,0.06831803712398969
160,77,20,0.8192342497625082,0.9240314225323524,1.043856419971362,2.5360136927191457,0.03666666666666667,0.08889780853479444
160,78,14,0.7763958033851761,0.8942304190072756,0.7633905077070195,1.4410458120171554,0.0,0.08945218112785218
160,79,20,0.6640494143959714,0.8583831290702257,0.9084374584688166,2.8485132353325517,0.08666666666666667,0.08650292026105255
160,80,9,0.712480404432404,0.8546309492312936,0.6138986698774317,1.2308753393392646,0.0,0.12195951338117074
160,81,23,0.6248503367642342,0.8300652873567572,0.807390354462191,1.600398324914426,0.0,0.06287799155446001
160,82,23,0.8198880909761463,0.93094924726592,1.0775165118803298,2.594798941918127,0.051666666666666666,0.12099559378905154
160,83,15,0.8757311684901425,0.9483610383819883,0.710027727054672,1.4951622754325675,0.0,0.07633708449840854
160,84,19,0.8479767492874353,0.9600822155133728,0.5873694971829089,1.3985556277292366,0.0,0.07760534817738723
160,85,13,0.7012947949871284,0.8710744967380265,1.1538940917126697,2.872622383676008,0.08,0.07588348555115759
160,86,9,0.8855682179420319,0.9757030632282824,0.5157973546638503,1.1159089949370786,0.0,0.047842400264193466
160,87,14,0.8687876734487711,0.9417247441155048,0.87789061599594,2.2896223643590887,0.028333333333333332,0.06336871399273347
160,88,20,0.6316939891271778,0.817529902543382,0.8539793741777881,2.107069169885304,0.0,0.03524535119483761
160,89,28,0.5614480191175142,0.7914104429439337,0.983527878399822,1.896276864363445,0.0016666666666666668,0.052036168202744426
160,90,18,0.7323339709126401,0.8469127079659787,0.5420715273816281,1.0929380247639353,0.0,0.08583832937717104
160,91,25,0.5229027659606501,0.7164242158532401,0.6433260389781474,1.319862651707763,0.0,0.06716974260931398
160,92,17,0.7775333523502916,0.9202945136112096,0.7159640960213474,1.596148093242182,0.0,0.07712229613128953
160,93,15,0.8068279121291775,0.9031129983279513,0.9992796871481995,2.1636435735210764,0.0,0.08409525717782709
160,94,11,0.8632056971007607,0.9662598363242743,0.9012710355788476,1.5291973125039209,0.0,0.0717714144477521
160,95,11,0.8614704909793759,0.9252518623978706,0.6232272846375877,1.123685595172539,0.0,0.050672247082035514
160,96,22,0.6496474736250886,0.8335062808453682,0.825810093800119,1.5426074268368013,0.0,0.08540082317109522
160,97,12,0.7733940368645256,0.899044561476159,1.1454139548763005,2.127890591361732,0.0,0.08588757230305352
160,98,23,0.7170552757885407,0.8580555182874132,0.8431463863062953,1.9423318809963068,0.0,0.03603822318678049
160,99,19,0.6666683245837354,0.8308744985268361,0.7283611842781674,1.4596014574535316,0.0,0.05748038197969825
160,100,17,0.7674290499303954,0.9167538619500518,0.5892797085117238,1.2204275289423065,0.0,0.056400191080938564
160,101,13,0.6638398556455818,0.8415691212251762,0.6025245660556806,1.3667564857543808,0.0,0.08659348489411015
160,102,13,0.6909293038669149,0.8736396388089078,0.6432108506363654,1.403228629379157,0.0,0.030114005785127622
160,103,24,0.614469746293258,0.8280028155014817,0.6913904657163936,1.4793308773642393,0.0,0.07361290788803986
160,104,16,0.5980512033897829,0.8167741541501988,0.5032007356514872,0.867475625989778,0.0,0.05302867054308581
160,105,14,0.8076063368633758,0.9154678003581936,0.7368308269648298,1.5587537409526286,0.0,0.0498606712651226
160,106,17,0.6555222703499173,0.8706716517794757,0.6801015510656918,1.2424862498055274,0.0,0.05725793824084934
160,107,12,0.6408289117944185,0.7927244304568214,0.77439450863357,1.6444849122674876,0.0,0.08228159778484022
160,108,18,0.7163004563290171,0.888479762029235,0.8555219708967692,1.5669774957232168,0.0,0.08401252120136532
160,109,16,0.7027744760681242,0.8838194680073777,1.1971617792578575,3.4773410147605097,0.13166666666666665,0.06523706779989143
160,110,14,0.9321769595819347,0.9743088131996822,0.5745257458644726,1.2803459013596645,0.0,0.13564300722957734
160,111,13,0.7298142102818037,0.8512543059135255,0.6220395979038632,1.1338720457205977,0.0,0.11675054002389151
160,112,15,0.6024822058076031,0.7877631913129619,0.6045265053845621,1.0995767409754216,0.0,0.08671762136006976
160,113,13,0.6824916843755979,0.8568451462068128,0.5012425875147709,0.8319083861321405,0.0,0.05195035384084113
160,114,16,0.6377337121346851,0.8033634165402083,0.5263859776159883,1.1559055390607673,0.0,0.10476261801332681
160,115,10,0.8424113630864438,0.9463400880746562,0.5274249190032634,0.9162551988438509,0.0,0.057689157969678134
160,116,18,0.7601117067927474,0.9107710716430641,0.8185034210710738,1.6186203230695524,0.0,0.07680537719614243
160,117,18,0.6873190020756459,0.8284676131965595,0.6405973575505213,1.194231443891702,0.0,0.08097762159877017
160,118,13,0.7937837055920193,0.9308230136056657,0.5337235924218671,0.9376406821588974,0.0,0.08717907461401196
160,119,11,0.7990682557886485,0.9211854403122809,0.6067052904620539,1.1169391570661291,0.0,0.04865430266469126
160,120,17,0.7691615169866846,0.871890698957902,0.7778264087871923,1.639927138418308,0.02666666666666667,0.0728174732548383
160,121,12,0.7729600822592748,0.9364652216865571,0.4198101502173827,0.8132526613026868,0.0,0.03840548294095557
160,122,8,0.891655899339282,0.9698123763361383,0.4156698886714838,0.814621981013808,0.0,0.09470500794225092
160,123,16,0.7023954704568164,0.9343466436125584,0.7374191494329642,1.6841943685674532,0.0033333333333333335,0.09361870818812335
160,124,14,0.7952172277669862,0.9112710024419595,0.5353580990232889,1.167285575184917,0.0,0.04674532593043093
160,125,28,0.6119348386044516,0.8198750446779044,0.829474719697668,1.7296008131601808,0.0,0.060493583637559044
160,126,16,0.8224600227843902,0.9396047594201866,0.6467560827999703,1.4755612531886095,0.0,0.07194481712618404
160,127,11,0.8648950106411125,0.9558354144480248,0.3854152238706541,0.6374010078874619,0.0,0.09653830175746808
160,128,14,0.7374999220135587,0.9065082797051698,0.5499074762822236,1.092055306122309,0.0,0.05491285395945251
160,129,14,0.6950147899331607,0.9020925035460113,0.7450740843685282,1.8069024146360584,0.0033333333333333335,0.05255940411008014
160,130,23,0.7956052958663871,0.9277863385457146,1.0403476503960716,1.9769469821053147,0.0,0.08318957909805393
160,131,9,0.8300323427003097,0.9221878423876041,0.4658413725967371,0.9316082331866731,0.0,0.04603582930127798
160,132,15,0.7242190082393187,0.8957729961513846,0.6167719412638593,1.1484893401633995,0.0,0.06145367333604172
160,133,24,0.623109743663447,0.8026548293958057,0.6145503031642937,1.2249548075897199,0.0,0.040927090478126885
160,134,14,0.7569981947666544,0.9259483030181916,0.7723024274889971,1.7319835533131804,0.0,0.039884381360179695
160,135,23,0.8266378177317404,0.9159515841688067,0.7829063121565878,1.5151356358706003,0.0,0.0533303979244618
160,136,2,nan,nan,nan,nan,nan,nan
160,137,10,0.7971832473119949,0.9362677569099263,0.6161829088320986,1.2456971846832852,0.0,0.05611974951581404
160,138,19,0.6900883178454081,0.8752864791446852,0.7131756501630673,1.3002763119627136,0.0,0.06391509752815194
160,139,17,0.6959179796656239,0.8681752955980533,0.7936211868137767,1.425051307340762,0.0,0.04776593377848952
160,140,13,0.8431048380545388,0.9493626293024647,0.7808706190519799,2.009354028072173,0.0,0.08608858245883735
160,141,17,0.6468732193563982,0.7863165605553376,0.5911849905949514,1.0985652293518064,0.0,0.062373346426510386
160,142,6,0.9190328951390172,0.9919674240853562,0.4401076829379039,1.3203205083005922,0.0,0.02195039365659502
160,143,8,0.8555415915492823,0.9752451320846576,0.4457839545583202,1.0221166072084427,0.0,0.05393836895370206
160,144,12,0.8897903342195429,0.9508017946487519,0.6576121269714215,1.2969019778578987,0.0,0.057990407091802906
160,145,15,0.70907347922778,0.8676786942909953,0.5637301289957046,0.982172624643742,0.0,0.07478709232939597
160,146,9,0.8863755531771097,0.971122373991164,0.4961557914839598,0.9267509372055117,0.0,0.10748128903141455
160,147,9,0.837013126915361,0.9675602488610036,0.5368380278100477,1.0650555294048691,0.0,0.03105686177166804
160,148,11,0.8544135186093097,0.982270452368849,0.45806377964313005,0.9118939009255965,0.0,0.051069697286606514
160,149,10,0.8385813032820226,0.936037795443296,0.6514017412286937,1.3368428289980834,0.0,0.037391242807447406
160,150,14,0.8332821970993021,0.922561199636747,0.7516629518104452,1.5247533607902983,0.0,0.05973973124784575
160,151,13,0.7677787830892331,0.8971549857553733,0.5328170032452162,0.9711018026486204,0.0,0.0697180734137988
160,152,10,0.7295840067684307,0.9176565488621604,0.5632452221367209,1.8502802164462107,0.008333333333333333,0.07064100266469224
160,153,14,0.8941434838064709,0.961826495488861,0.5961080243145196,1.7026780751638044,0.0,0.04556724076684008
160,154,8,0.8014083727579082,0.9521409270353056,0.4281837118002839,0.9455202690107182,0.0,0.0807319099919051
160,155,11,0.7938146986411425,0.9450332066731691,0.7817367174723712,1.7274926437025766,0.0,0.07968656844972677
160,156,26,0.7145833953947793,0.8929732544867468,0.5167177985847204,1.0283758407280883,0.0,0.09270757682205893
160,157,11,0.7407253764875962,0.9334589904262196,0.5626041165632982,1.8955707310970926,0.005,0.040949209583603895
160,158,7,0.7314559207822785,0.8842187626620317,0.45735854687060096,0.9276870159952454,0.0,0.02606771700981212
160,159,14,0.8531155555896588,0.94860416528202,0.6437799481190934,1.3215230425383684,0.0,0.05256017712433409
